numExamplesUsed	epoch	AUC	score	condition
2861327	0	0.994160	0.374068	fullset
5722654	1	0.994788	0.593242	fullset
8583981	2	0.995150	0.475541	fullset
11445308	3	0.995258	0.413675	fullset
17167962	5	0.995427	0.510989	fullset
20029289	6	0.995744	0.245182	fullset
22890616	7	0.995768	0.467109	fullset
28613270	9	0.995794	0.576796	fullset
31474597	10	0.996010	0.425386	fullset
37197251	12	0.996067	0.364467	fullset
57226540	19	0.996102	0.545729	fullset
